{"segments": [{"start": 1.055, "end": 6.916, "text": " If you're watching a YouTube video and you want to jump back 5 seconds, hit the left arrow key.", "words": [{"word": "If", "start": 1.055, "end": 1.095, "score": 0.352}, {"word": "you're", "start": 1.115, "end": 1.235, "score": 0.547}, {"word": "watching", "start": 1.255, "end": 1.515, "score": 0.836}, {"word": "a", "start": 1.555, "end": 1.575, "score": 0.906}, {"word": "YouTube", "start": 1.615, "end": 1.955, "score": 0.498}, {"word": "video", "start": 1.995, "end": 2.315, "score": 0.915}, {"word": "and", "start": 2.335, "end": 2.415, "score": 0.316}, {"word": "you", "start": 2.435, "end": 2.535, "score": 0.874}, {"word": "want", "start": 2.555, "end": 2.655, "score": 0.841}, {"word": "to", "start": 2.675, "end": 2.735, "score": 0.818}, {"word": "jump", "start": 2.795, "end": 2.995, "score": 0.998}, {"word": "back", "start": 3.055, "end": 3.255, "score": 0.968}, {"word": "5"}, {"word": "seconds,", "start": 4.236, "end": 4.636, "score": 0.794}, {"word": "hit", "start": 5.716, "end": 5.896, "score": 0.885}, {"word": "the", "start": 5.936, "end": 6.016, "score": 0.833}, {"word": "left", "start": 6.056, "end": 6.276, "score": 0.663}, {"word": "arrow", "start": 6.376, "end": 6.636, "score": 0.91}, {"word": "key.", "start": 6.676, "end": 6.916, "score": 0.809}]}, {"start": 8.216, "end": 10.737, "text": "You can see a little flash of 5 there.", "words": [{"word": "You", "start": 8.216, "end": 8.316, "score": 0.951}, {"word": "can", "start": 8.336, "end": 8.476, "score": 0.849}, {"word": "see", "start": 8.516, "end": 8.676, "score": 0.831}, {"word": "a", "start": 8.736, "end": 8.756, "score": 0.996}, {"word": "little", "start": 8.796, "end": 8.996, "score": 0.887}, {"word": "flash", "start": 9.156, "end": 9.476, "score": 0.795}, {"word": "of", "start": 9.536, "end": 9.616, "score": 0.832}, {"word": "5"}, {"word": "there.", "start": 10.477, "end": 10.737, "score": 0.882}]}, {"start": 11.937, "end": 15.858, "text": "If you want to go back 10 seconds, hit the J key.", "words": [{"word": "If", "start": 11.937, "end": 11.977, "score": 0.994}, {"word": "you", "start": 11.997, "end": 12.077, "score": 0.871}, {"word": "want", "start": 12.097, "end": 12.197, "score": 0.638}, {"word": "to", "start": 12.217, "end": 12.257, "score": 0.99}, {"word": "go", "start": 12.297, "end": 12.377, "score": 0.772}, {"word": "back", "start": 12.437, "end": 12.577, "score": 0.85}, {"word": "10"}, {"word": "seconds,", "start": 13.057, "end": 13.497, "score": 0.794}, {"word": "hit", "start": 14.137, "end": 14.297, "score": 0.98}, {"word": "the", "start": 14.337, "end": 14.437, "score": 0.771}, {"word": "J", "start": 14.577, "end": 15.017, "score": 0.904}, {"word": "key.", "start": 15.577, "end": 15.858, "score": 0.853}]}, {"start": 17.678, "end": 20.358, "text": "J, K and L are right beside each other.", "words": [{"word": "J,", "start": 17.678, "end": 17.998, "score": 0.986}, {"word": "K", "start": 18.138, "end": 18.498, "score": 0.898}, {"word": "and", "start": 18.598, "end": 18.718, "score": 0.814}, {"word": "L", "start": 18.958, "end": 19.038, "score": 0.761}, {"word": "are", "start": 19.138, "end": 19.218, "score": 0.826}, {"word": "right", "start": 19.278, "end": 19.478, "score": 0.834}, {"word": "beside", "start": 19.518, "end": 19.898, "score": 0.915}, {"word": "each", "start": 19.938, "end": 20.098, "score": 0.915}, {"word": "other.", "start": 20.178, "end": 20.358, "score": 0.92}]}, {"start": 21.378, "end": 28.02, "text": "So J goes back 10 seconds, K pauses the video and L goes forward 10 seconds.", "words": [{"word": "So", "start": 21.378, "end": 21.558, "score": 0.849}, {"word": "J", "start": 21.719, "end": 22.019, "score": 0.937}, {"word": "goes", "start": 22.079, "end": 22.319, "score": 0.718}, {"word": "back", "start": 22.379, "end": 22.539, "score": 0.905}, {"word": "10"}, {"word": "seconds,", "start": 22.899, "end": 23.339, "score": 0.755}, {"word": "K", "start": 23.959, "end": 24.239, "score": 0.841}, {"word": "pauses", "start": 24.299, "end": 24.779, "score": 0.813}, {"word": "the", "start": 24.799, "end": 24.879, "score": 0.781}, {"word": "video", "start": 24.919, "end": 25.319, "score": 0.92}, {"word": "and", "start": 25.699, "end": 25.819, "score": 0.639}, {"word": "L", "start": 26.019, "end": 26.099, "score": 0.547}, {"word": "goes", "start": 26.139, "end": 26.379, "score": 0.764}, {"word": "forward", "start": 26.559, "end": 27.019, "score": 0.964}, {"word": "10"}, {"word": "seconds.", "start": 27.6, "end": 28.02, "score": 0.805}]}, {"start": 29.04, "end": 30.38, "text": "So I'm hitting the L key.", "words": [{"word": "So", "start": 29.04, "end": 29.16, "score": 0.996}, {"word": "I'm", "start": 29.2, "end": 29.32, "score": 0.595}, {"word": "hitting", "start": 29.34, "end": 29.58, "score": 0.817}, {"word": "the", "start": 29.62, "end": 29.7, "score": 0.83}, {"word": "L", "start": 30.04, "end": 30.16, "score": 0.732}, {"word": "key.", "start": 30.2, "end": 30.38, "score": 0.886}]}, {"start": 31.872, "end": 35.159, "text": " The right arrow key goes forward five seconds.", "words": [{"word": "The", "start": 31.872, "end": 31.972, "score": 0.922}, {"word": "right", "start": 32.092, "end": 32.393, "score": 0.674}, {"word": "arrow", "start": 32.473, "end": 32.714, "score": 0.902}, {"word": "key", "start": 32.794, "end": 33.054, "score": 0.771}, {"word": "goes", "start": 33.455, "end": 33.656, "score": 0.828}, {"word": "forward", "start": 33.716, "end": 34.056, "score": 0.889}, {"word": "five", "start": 34.397, "end": 34.698, "score": 0.912}, {"word": "seconds.", "start": 34.758, "end": 35.159, "score": 0.897}]}], "word_segments": [{"word": "If", "start": 1.055, "end": 1.095, "score": 0.352}, {"word": "you're", "start": 1.115, "end": 1.235, "score": 0.547}, {"word": "watching", "start": 1.255, "end": 1.515, "score": 0.836}, {"word": "a", "start": 1.555, "end": 1.575, "score": 0.906}, {"word": "YouTube", "start": 1.615, "end": 1.955, "score": 0.498}, {"word": "video", "start": 1.995, "end": 2.315, "score": 0.915}, {"word": "and", "start": 2.335, "end": 2.415, "score": 0.316}, {"word": "you", "start": 2.435, "end": 2.535, "score": 0.874}, {"word": "want", "start": 2.555, "end": 2.655, "score": 0.841}, {"word": "to", "start": 2.675, "end": 2.735, "score": 0.818}, {"word": "jump", "start": 2.795, "end": 2.995, "score": 0.998}, {"word": "back", "start": 3.055, "end": 3.255, "score": 0.968}, {"word": "5"}, {"word": "seconds,", "start": 4.236, "end": 4.636, "score": 0.794}, {"word": "hit", "start": 5.716, "end": 5.896, "score": 0.885}, {"word": "the", "start": 5.936, "end": 6.016, "score": 0.833}, {"word": "left", "start": 6.056, "end": 6.276, "score": 0.663}, {"word": "arrow", "start": 6.376, "end": 6.636, "score": 0.91}, {"word": "key.", "start": 6.676, "end": 6.916, "score": 0.809}, {"word": "You", "start": 8.216, "end": 8.316, "score": 0.951}, {"word": "can", "start": 8.336, "end": 8.476, "score": 0.849}, {"word": "see", "start": 8.516, "end": 8.676, "score": 0.831}, {"word": "a", "start": 8.736, "end": 8.756, "score": 0.996}, {"word": "little", "start": 8.796, "end": 8.996, "score": 0.887}, {"word": "flash", "start": 9.156, "end": 9.476, "score": 0.795}, {"word": "of", "start": 9.536, "end": 9.616, "score": 0.832}, {"word": "5"}, {"word": "there.", "start": 10.477, "end": 10.737, "score": 0.882}, {"word": "If", "start": 11.937, "end": 11.977, "score": 0.994}, {"word": "you", "start": 11.997, "end": 12.077, "score": 0.871}, {"word": "want", "start": 12.097, "end": 12.197, "score": 0.638}, {"word": "to", "start": 12.217, "end": 12.257, "score": 0.99}, {"word": "go", "start": 12.297, "end": 12.377, "score": 0.772}, {"word": "back", "start": 12.437, "end": 12.577, "score": 0.85}, {"word": "10"}, {"word": "seconds,", "start": 13.057, "end": 13.497, "score": 0.794}, {"word": "hit", "start": 14.137, "end": 14.297, "score": 0.98}, {"word": "the", "start": 14.337, "end": 14.437, "score": 0.771}, {"word": "J", "start": 14.577, "end": 15.017, "score": 0.904}, {"word": "key.", "start": 15.577, "end": 15.858, "score": 0.853}, {"word": "J,", "start": 17.678, "end": 17.998, "score": 0.986}, {"word": "K", "start": 18.138, "end": 18.498, "score": 0.898}, {"word": "and", "start": 18.598, "end": 18.718, "score": 0.814}, {"word": "L", "start": 18.958, "end": 19.038, "score": 0.761}, {"word": "are", "start": 19.138, "end": 19.218, "score": 0.826}, {"word": "right", "start": 19.278, "end": 19.478, "score": 0.834}, {"word": "beside", "start": 19.518, "end": 19.898, "score": 0.915}, {"word": "each", "start": 19.938, "end": 20.098, "score": 0.915}, {"word": "other.", "start": 20.178, "end": 20.358, "score": 0.92}, {"word": "So", "start": 21.378, "end": 21.558, "score": 0.849}, {"word": "J", "start": 21.719, "end": 22.019, "score": 0.937}, {"word": "goes", "start": 22.079, "end": 22.319, "score": 0.718}, {"word": "back", "start": 22.379, "end": 22.539, "score": 0.905}, {"word": "10"}, {"word": "seconds,", "start": 22.899, "end": 23.339, "score": 0.755}, {"word": "K", "start": 23.959, "end": 24.239, "score": 0.841}, {"word": "pauses", "start": 24.299, "end": 24.779, "score": 0.813}, {"word": "the", "start": 24.799, "end": 24.879, "score": 0.781}, {"word": "video", "start": 24.919, "end": 25.319, "score": 0.92}, {"word": "and", "start": 25.699, "end": 25.819, "score": 0.639}, {"word": "L", "start": 26.019, "end": 26.099, "score": 0.547}, {"word": "goes", "start": 26.139, "end": 26.379, "score": 0.764}, {"word": "forward", "start": 26.559, "end": 27.019, "score": 0.964}, {"word": "10"}, {"word": "seconds.", "start": 27.6, "end": 28.02, "score": 0.805}, {"word": "So", "start": 29.04, "end": 29.16, "score": 0.996}, {"word": "I'm", "start": 29.2, "end": 29.32, "score": 0.595}, {"word": "hitting", "start": 29.34, "end": 29.58, "score": 0.817}, {"word": "the", "start": 29.62, "end": 29.7, "score": 0.83}, {"word": "L", "start": 30.04, "end": 30.16, "score": 0.732}, {"word": "key.", "start": 30.2, "end": 30.38, "score": 0.886}, {"word": "The", "start": 31.872, "end": 31.972, "score": 0.922}, {"word": "right", "start": 32.092, "end": 32.393, "score": 0.674}, {"word": "arrow", "start": 32.473, "end": 32.714, "score": 0.902}, {"word": "key", "start": 32.794, "end": 33.054, "score": 0.771}, {"word": "goes", "start": 33.455, "end": 33.656, "score": 0.828}, {"word": "forward", "start": 33.716, "end": 34.056, "score": 0.889}, {"word": "five", "start": 34.397, "end": 34.698, "score": 0.912}, {"word": "seconds.", "start": 34.758, "end": 35.159, "score": 0.897}], "language": "en"}