{"segments": [{"start": 0.168, "end": 2.809, "text": " Hello.", "words": [{"word": "Hello.", "start": 0.168, "end": 2.809, "score": 0.839}]}, {"start": 2.949, "end": 5.35, "text": "How are you?", "words": [{"word": "How", "start": 2.949, "end": 3.589, "score": 0.265}, {"word": "are", "start": 4.65, "end": 4.75, "score": 0.372}, {"word": "you?", "start": 4.81, "end": 5.35, "score": 0.826}]}, {"start": 5.51, "end": 6.49, "text": "I'm OK.", "words": [{"word": "I'm", "start": 5.51, "end": 5.71, "score": 0.655}, {"word": "OK.", "start": 5.75, "end": 6.49, "score": 0.814}]}, {"start": 7.191, "end": 7.811, "text": "I will be.", "words": [{"word": "I", "start": 7.191, "end": 7.311, "score": 0.763}, {"word": "will", "start": 7.331, "end": 7.591, "score": 0.844}, {"word": "be.", "start": 7.631, "end": 7.811, "score": 0.914}]}, {"start": 8.091, "end": 9.552, "text": "I said she could stay with us tomorrow.", "words": [{"word": "I", "start": 8.091, "end": 8.171, "score": 0.681}, {"word": "said", "start": 8.191, "end": 8.331, "score": 0.876}, {"word": "she", "start": 8.371, "end": 8.451, "score": 0.958}, {"word": "could", "start": 8.491, "end": 8.611, "score": 0.904}, {"word": "stay", "start": 8.631, "end": 8.791, "score": 0.816}, {"word": "with", "start": 8.811, "end": 8.911, "score": 0.874}, {"word": "us", "start": 8.951, "end": 8.991, "score": 0.005}, {"word": "tomorrow.", "start": 9.011, "end": 9.552, "score": 0.347}]}, {"start": 9.572, "end": 10.172, "text": "She feels better.", "words": [{"word": "She", "start": 9.572, "end": 9.652, "score": 0.958}, {"word": "feels", "start": 9.672, "end": 9.892, "score": 0.745}, {"word": "better.", "start": 9.952, "end": 10.172, "score": 0.693}]}, {"start": 10.632, "end": 12.553, "text": "Of course she can.", "words": [{"word": "Of", "start": 10.632, "end": 10.872, "score": 0.634}, {"word": "course", "start": 10.932, "end": 11.172, "score": 0.38}, {"word": "she", "start": 11.212, "end": 11.512, "score": 0.646}, {"word": "can.", "start": 11.592, "end": 12.553, "score": 0.856}]}, {"start": 12.673, "end": 13.933, "text": "Things won't be for long.", "words": [{"word": "Things", "start": 12.673, "end": 12.973, "score": 0.708}, {"word": "won't", "start": 13.033, "end": 13.233, "score": 0.556}, {"word": "be", "start": 13.253, "end": 13.413, "score": 0.864}, {"word": "for", "start": 13.433, "end": 13.593, "score": 0.696}, {"word": "long.", "start": 13.633, "end": 13.933, "score": 0.764}]}, {"start": 14.033, "end": 16.374, "text": "Well, you can stay as long as you want my love.", "words": [{"word": "Well,", "start": 14.033, "end": 14.253, "score": 0.504}, {"word": "you", "start": 14.273, "end": 14.374, "score": 0.9}, {"word": "can", "start": 14.414, "end": 14.554, "score": 0.948}, {"word": "stay", "start": 14.614, "end": 14.754, "score": 0.928}, {"word": "as", "start": 14.794, "end": 14.854, "score": 0.775}, {"word": "long", "start": 14.894, "end": 15.034, "score": 0.993}, {"word": "as", "start": 15.074, "end": 15.134, "score": 0.916}, {"word": "you", "start": 15.154, "end": 15.274, "score": 0.913}, {"word": "want", "start": 15.314, "end": 15.454, "score": 0.86}, {"word": "my", "start": 15.554, "end": 15.774, "score": 0.907}, {"word": "love.", "start": 15.854, "end": 16.374, "score": 0.76}]}, {"start": 16.474, "end": 17.775, "text": "I really missed you.", "words": [{"word": "I", "start": 16.474, "end": 16.574, "score": 0.686}, {"word": "really", "start": 16.694, "end": 16.995, "score": 0.862}, {"word": "missed", "start": 17.055, "end": 17.475, "score": 0.857}, {"word": "you.", "start": 17.495, "end": 17.775, "score": 0.233}]}, {"start": 18.335, "end": 18.795, "text": "Pops.", "words": [{"word": "Pops.", "start": 18.335, "end": 18.795, "score": 0.772}]}, {"start": 19.255, "end": 20.076, "text": "Great to see you, love.", "words": [{"word": "Great", "start": 19.255, "end": 19.475, "score": 0.853}, {"word": "to", "start": 19.516, "end": 19.616, "score": 0.936}, {"word": "see", "start": 19.656, "end": 19.836, "score": 0.907}, {"word": "you,", "start": 19.856, "end": 19.976, "score": 0.798}, {"word": "love.", "start": 19.996, "end": 20.076, "score": 0.113}]}], "word_segments": [{"word": "Hello.", "start": 0.168, "end": 2.809, "score": 0.839}, {"word": "How", "start": 2.949, "end": 3.589, "score": 0.265}, {"word": "are", "start": 4.65, "end": 4.75, "score": 0.372}, {"word": "you?", "start": 4.81, "end": 5.35, "score": 0.826}, {"word": "I'm", "start": 5.51, "end": 5.71, "score": 0.655}, {"word": "OK.", "start": 5.75, "end": 6.49, "score": 0.814}, {"word": "I", "start": 7.191, "end": 7.311, "score": 0.763}, {"word": "will", "start": 7.331, "end": 7.591, "score": 0.844}, {"word": "be.", "start": 7.631, "end": 7.811, "score": 0.914}, {"word": "I", "start": 8.091, "end": 8.171, "score": 0.681}, {"word": "said", "start": 8.191, "end": 8.331, "score": 0.876}, {"word": "she", "start": 8.371, "end": 8.451, "score": 0.958}, {"word": "could", "start": 8.491, "end": 8.611, "score": 0.904}, {"word": "stay", "start": 8.631, "end": 8.791, "score": 0.816}, {"word": "with", "start": 8.811, "end": 8.911, "score": 0.874}, {"word": "us", "start": 8.951, "end": 8.991, "score": 0.005}, {"word": "tomorrow.", "start": 9.011, "end": 9.552, "score": 0.347}, {"word": "She", "start": 9.572, "end": 9.652, "score": 0.958}, {"word": "feels", "start": 9.672, "end": 9.892, "score": 0.745}, {"word": "better.", "start": 9.952, "end": 10.172, "score": 0.693}, {"word": "Of", "start": 10.632, "end": 10.872, "score": 0.634}, {"word": "course", "start": 10.932, "end": 11.172, "score": 0.38}, {"word": "she", "start": 11.212, "end": 11.512, "score": 0.646}, {"word": "can.", "start": 11.592, "end": 12.553, "score": 0.856}, {"word": "Things", "start": 12.673, "end": 12.973, "score": 0.708}, {"word": "won't", "start": 13.033, "end": 13.233, "score": 0.556}, {"word": "be", "start": 13.253, "end": 13.413, "score": 0.864}, {"word": "for", "start": 13.433, "end": 13.593, "score": 0.696}, {"word": "long.", "start": 13.633, "end": 13.933, "score": 0.764}, {"word": "Well,", "start": 14.033, "end": 14.253, "score": 0.504}, {"word": "you", "start": 14.273, "end": 14.374, "score": 0.9}, {"word": "can", "start": 14.414, "end": 14.554, "score": 0.948}, {"word": "stay", "start": 14.614, "end": 14.754, "score": 0.928}, {"word": "as", "start": 14.794, "end": 14.854, "score": 0.775}, {"word": "long", "start": 14.894, "end": 15.034, "score": 0.993}, {"word": "as", "start": 15.074, "end": 15.134, "score": 0.916}, {"word": "you", "start": 15.154, "end": 15.274, "score": 0.913}, {"word": "want", "start": 15.314, "end": 15.454, "score": 0.86}, {"word": "my", "start": 15.554, "end": 15.774, "score": 0.907}, {"word": "love.", "start": 15.854, "end": 16.374, "score": 0.76}, {"word": "I", "start": 16.474, "end": 16.574, "score": 0.686}, {"word": "really", "start": 16.694, "end": 16.995, "score": 0.862}, {"word": "missed", "start": 17.055, "end": 17.475, "score": 0.857}, {"word": "you.", "start": 17.495, "end": 17.775, "score": 0.233}, {"word": "Pops.", "start": 18.335, "end": 18.795, "score": 0.772}, {"word": "Great", "start": 19.255, "end": 19.475, "score": 0.853}, {"word": "to", "start": 19.516, "end": 19.616, "score": 0.936}, {"word": "see", "start": 19.656, "end": 19.836, "score": 0.907}, {"word": "you,", "start": 19.856, "end": 19.976, "score": 0.798}, {"word": "love.", "start": 19.996, "end": 20.076, "score": 0.113}], "language": "en"}